pO2,pCO2
14.4097,5.33253
13.8732,5.19805
13.8764,5.1992
