cCO2,f
0.022,0.00591875
0.0236374,0.000446158
0.0237814,2.87197e-06
