cCO2,f
0.01,0.192017
0.012448,0.0886884
0.0162757,0.0365181
0.0207271,0.0108449
0.0233383,0.00138511
0.0237737,2.6527e-05
0.0237823,1.66911e-08
