cCO2,f
0.03,-0.0153563
0.0224703,0.00425903
0.023705,0.000237447
0.0237821,8.44896e-07
